{"v":"5.5.1","fr":29.9700012207031,"ip":0,"op":31.0000012626559,"w":1500,"h":1500,"nm":"Camera","ddd":0,"assets":[],"layers":[{"ddd":0,"ind":1,"ty":4,"nm":"Frame","sr":1,"ks":{"o":{"a":0,"k":100,"ix":11},"r":{"a":0,"k":0,"ix":10},"p":{"a":0,"k":[750,750,0],"ix":2},"a":{"a":0,"k":[675.511,675.511,0],"ix":1},"s":{"a":1,"k":[{"i":{"x":[0.2,0.2,0.2],"y":[1,1,1]},"o":{"x":[0.333,0.333,0.333],"y":[0,0,0]},"t":5,"s":[100,100,100]},{"i":{"x":[0.2,0.2,0.2],"y":[1,1,1]},"o":{"x":[0.177,0.177,0.177],"y":[0,0,0]},"t":10,"s":[92.6,92.6,100]},{"t":25.0000010182709,"s":[100,100,100]}],"ix":6}},"ao":0,"shapes":[{"ty":"gr","it":[{"ind":0,"ty":"sh","ix":1,"ks":{"a":0,"k":{"i":[[312.073,0],[0,0],[0,312.073],[0,0],[-312.073,0],[0,0],[0,-312.073],[0,0]],"o":[[0,0],[-312.073,0],[0,0],[0,-312.073],[0,0],[312.073,0],[0,0],[0,312.073]],"v":[[0,565.058],[0,565.058],[-565.058,0],[-565.058,-0.001],[0,-565.058],[0,-565.058],[565.058,-0.001],[565.058,0]],"c":true},"ix":2},"nm":"Path 1","mn":"ADBE Vector Shape - Group","hd":false},{"ty":"st","c":{"a":0,"k":[0.01568627450980392,0.8196078431372549,0.9372549019607843,1],"ix":3},"o":{"a":0,"k":100,"ix":4},"w":{"a":1,"k":[{"i":{"x":[0.37],"y":[1]},"o":{"x":[0.243],"y":[0]},"t":5,"s":[44.181]},{"i":{"x":[0.069],"y":[1]},"o":{"x":[0.309],"y":[0]},"t":12,"s":[70]},{"t":25.0000010182709,"s":[44.181]}],"ix":5},"lc":1,"lj":1,"ml":10,"bm":0,"nm":"Stroke 1","mn":"ADBE Vector Graphic - Stroke","hd":false},{"ty":"tr","p":{"a":0,"k":[675.511,675.511],"ix":2},"a":{"a":0,"k":[0,0],"ix":1},"s":{"a":0,"k":[100,100],"ix":3},"r":{"a":0,"k":0,"ix":6},"o":{"a":0,"k":100,"ix":7},"sk":{"a":0,"k":0,"ix":4},"sa":{"a":0,"k":0,"ix":5},"nm":"Transform"}],"nm":"Group 2","np":2,"cix":2,"bm":0,"ix":1,"mn":"ADBE Vector Group","hd":false}],"ip":0,"op":506.000020609802,"st":6.00000024438501,"bm":0},{"ddd":0,"ind":2,"ty":4,"nm":"Shape Layer 1","sr":1,"ks":{"o":{"a":0,"k":100,"ix":11},"r":{"a":0,"k":5,"ix":10},"p":{"a":0,"k":[706,424,0],"ix":2},"a":{"a":0,"k":[-68,-334,0],"ix":1},"s":{"a":0,"k":[100,100,100],"ix":6}},"ao":0,"shapes":[{"ty":"gr","it":[{"ind":0,"ty":"sh","ix":1,"ks":{"a":1,"k":[{"i":{"x":0.833,"y":0.833},"o":{"x":0.167,"y":0.167},"t":18,"s":[{"i":[[0,0],[0,0]],"o":[[0,0],[0,0]],"v":[[-132,-334],[-176,-364]],"c":false}]},{"t":22.0000008960784,"s":[{"i":[[0,0],[0,0]],"o":[[0,0],[0,0]],"v":[[-160,-348],[-212,-378]],"c":false}]}],"ix":2},"nm":"Path 1","mn":"ADBE Vector Shape - Group","hd":false},{"ind":1,"ty":"sh","ix":2,"ks":{"a":1,"k":[{"i":{"x":0.833,"y":0.833},"o":{"x":0.167,"y":0.167},"t":18,"s":[{"i":[[0,0],[0,0]],"o":[[0,0],[0,0]],"v":[[-58,-362],[-70,-410]],"c":false}]},{"t":22.0000008960784,"s":[{"i":[[0,0],[0,0]],"o":[[0,0],[0,0]],"v":[[-60,-378],[-82,-462]],"c":false}]}],"ix":2},"nm":"Path 2","mn":"ADBE Vector Shape - Group","hd":false},{"ind":2,"ty":"sh","ix":3,"ks":{"a":1,"k":[{"i":{"x":0.833,"y":0.833},"o":{"x":0.167,"y":0.167},"t":18,"s":[{"i":[[0,0],[0,0]],"o":[[0,0],[0,0]],"v":[[24,-358],[40,-394]],"c":false}]},{"t":22.0000008960784,"s":[{"i":[[0,0],[0,0]],"o":[[0,0],[0,0]],"v":[[28,-368],[68,-442]],"c":false}]}],"ix":2},"nm":"Path 3","mn":"ADBE Vector Shape - Group","hd":false},{"ty":"st","c":{"a":0,"k":[0.01568627450980392,0.8196078431372549,0.9372549019607843,1],"ix":3},"o":{"a":0,"k":100,"ix":4},"w":{"a":0,"k":28,"ix":5},"lc":2,"lj":1,"ml":4,"bm":0,"nm":"Stroke 1","mn":"ADBE Vector Graphic - Stroke","hd":false},{"ty":"tr","p":{"a":0,"k":[0,0],"ix":2},"a":{"a":0,"k":[0,0],"ix":1},"s":{"a":0,"k":[100,100],"ix":3},"r":{"a":0,"k":0,"ix":6},"o":{"a":0,"k":100,"ix":7},"sk":{"a":0,"k":0,"ix":4},"sa":{"a":0,"k":0,"ix":5},"nm":"Transform"}],"nm":"Shape 1","np":5,"cix":2,"bm":0,"ix":1,"mn":"ADBE Vector Group","hd":false}],"ip":18.000000733155,"op":23.0000009368092,"st":-1.00000004073083,"bm":0},{"ddd":0,"ind":3,"ty":4,"nm":"Camera Outlines 3","parent":5,"sr":1,"ks":{"o":{"a":0,"k":100,"ix":11},"r":{"a":0,"k":0,"ix":10},"p":{"a":0,"k":[675.489,930.056,0],"ix":2},"a":{"a":0,"k":[675.489,930.056,0],"ix":1},"s":{"a":0,"k":[100,100,100],"ix":6}},"ao":0,"shapes":[{"ty":"gr","it":[{"ind":0,"ty":"sh","ix":1,"ks":{"a":1,"k":[{"i":{"x":0.667,"y":1},"o":{"x":0.333,"y":0},"t":5,"s":[{"i":[[0,-17.723],[17.723,0],[0,17.724],[-17.724,0]],"o":[[0,17.724],[-17.724,0],[0,-17.723],[17.723,0]],"v":[[32.092,-0.001],[0,32.091],[-32.092,-0.001],[0,-32.091]],"c":true}]},{"i":{"x":0.667,"y":1},"o":{"x":0.333,"y":0},"t":9,"s":[{"i":[[0,-17.723],[17.723,0],[0,17.724],[-17.724,0]],"o":[[0,17.724],[-17.724,0],[0,-17.723],[17.723,0]],"v":[[-27.61,-9.68],[-59.701,22.412],[-91.793,-9.68],[-59.701,-41.771]],"c":true}]},{"i":{"x":0.667,"y":1},"o":{"x":0.333,"y":0},"t":16,"s":[{"i":[[0,-17.723],[17.723,0],[0,17.724],[-17.724,0]],"o":[[0,17.724],[-17.724,0],[0,-17.723],[17.723,0]],"v":[[32.092,-0.001],[0,32.091],[-32.092,-0.001],[0,-32.091]],"c":true}]},{"i":{"x":0.667,"y":1},"o":{"x":0.333,"y":0},"t":19,"s":[{"i":[[0,-39.785],[39.786,0],[0,39.788],[-39.788,0]],"o":[[0,39.788],[-39.788,0],[0,-39.785],[39.786,0]],"v":[[104.402,32.481],[32.362,104.523],[-39.68,32.481],[32.362,-39.559]],"c":true}]},{"i":{"x":0.2,"y":1},"o":{"x":0.333,"y":0},"t":19.818,"s":[{"i":[[0,-39.785],[39.786,0],[0,39.788],[-39.788,0]],"o":[[0,39.788],[-39.788,0],[0,-39.785],[39.786,0]],"v":[[104.402,32.481],[32.362,104.523],[-39.68,32.481],[32.362,-39.559]],"c":true}]},{"t":25.0000010182709,"s":[{"i":[[0,-17.723],[17.723,0],[0,17.724],[-17.724,0]],"o":[[0,17.724],[-17.724,0],[0,-17.723],[17.723,0]],"v":[[32.092,-0.001],[0,32.091],[-32.092,-0.001],[0,-32.091]],"c":true}]}],"ix":2},"nm":"Path 1","mn":"ADBE Vector Shape - Group","hd":false},{"ty":"fl","c":{"a":0,"k":[0.01568627450980392,0.8196078431372549,0.9372549019607843,1],"ix":4},"o":{"a":0,"k":100,"ix":5},"r":1,"bm":0,"nm":"Fill 1","mn":"ADBE Vector Graphic - Fill","hd":false},{"ty":"tr","p":{"a":0,"k":[642.751,682.75],"ix":2},"a":{"a":0,"k":[0,0],"ix":1},"s":{"a":0,"k":[100,100],"ix":3},"r":{"a":0,"k":0,"ix":6},"o":{"a":0,"k":100,"ix":7},"sk":{"a":0,"k":0,"ix":4},"sa":{"a":0,"k":0,"ix":5},"nm":"Transform"}],"nm":"Group 1","np":2,"cix":2,"bm":0,"ix":1,"mn":"ADBE Vector Group","hd":false},{"ty":"gr","it":[{"ind":0,"ty":"sh","ix":1,"ks":{"a":1,"k":[{"i":{"x":0.667,"y":1},"o":{"x":0.333,"y":0},"t":5,"s":[{"i":[[0,-69.303],[69.303,0],[0,69.304],[-69.304,0]],"o":[[0,69.304],[-69.304,0],[0,-69.303],[69.303,0]],"v":[[125.485,0],[0,125.485],[-125.485,0],[0,-125.485]],"c":true}]},{"i":{"x":0.667,"y":1},"o":{"x":0.333,"y":0},"t":11,"s":[{"i":[[0,-69.303],[69.303,0],[0,69.304],[-69.304,0]],"o":[[0,69.304],[-69.304,0],[0,-69.303],[69.303,0]],"v":[[32.612,-4.32],[-92.873,121.165],[-218.358,-4.32],[-92.873,-129.805]],"c":true}]},{"i":{"x":0.667,"y":1},"o":{"x":0.333,"y":0},"t":16,"s":[{"i":[[0,-69.303],[69.303,0],[0,69.304],[-69.304,0]],"o":[[0,69.304],[-69.304,0],[0,-69.303],[69.303,0]],"v":[[125.485,0],[0,125.485],[-125.485,0],[0,-125.485]],"c":true}]},{"i":{"x":0.667,"y":1},"o":{"x":0.333,"y":0},"t":19,"s":[{"i":[[0,-34.968],[51.75,0],[0,34.968],[-51.75,0]],"o":[[0,34.968],[-51.75,0],[0,-34.968],[51.75,0]],"v":[[93.702,0],[0,63.315],[-93.702,0],[0,-63.315]],"c":true}]},{"i":{"x":0.2,"y":1},"o":{"x":0.333,"y":0},"t":20.636,"s":[{"i":[[0,-51.75],[51.75,0],[0,51.75],[-51.75,0]],"o":[[0,51.75],[-51.75,0],[0,-51.75],[51.75,0]],"v":[[93.702,0],[0,93.702],[-93.702,0],[0,-93.702]],"c":true}]},{"t":25.0000010182709,"s":[{"i":[[0,-69.303],[69.303,0],[0,69.304],[-69.304,0]],"o":[[0,69.304],[-69.304,0],[0,-69.303],[69.303,0]],"v":[[125.485,0],[0,125.485],[-125.485,0],[0,-125.485]],"c":true}]}],"ix":2},"nm":"Path 1","mn":"ADBE Vector Shape - Group","hd":false},{"ty":"st","c":{"a":0,"k":[0.01568627450980392,0.8196078431372549,0.9372549019607843,1],"ix":3},"o":{"a":0,"k":100,"ix":4},"w":{"a":0,"k":34.632,"ix":5},"lc":1,"lj":1,"ml":10,"bm":0,"nm":"Stroke 2","mn":"ADBE Vector Graphic - Stroke","hd":false},{"ty":"tr","p":{"a":0,"k":[675.511,714.841],"ix":2},"a":{"a":0,"k":[0,0],"ix":1},"s":{"a":0,"k":[100,100],"ix":3},"r":{"a":0,"k":0,"ix":6},"o":{"a":0,"k":100,"ix":7},"sk":{"a":0,"k":0,"ix":4},"sa":{"a":0,"k":0,"ix":5},"nm":"Transform"}],"nm":"Group 3","np":4,"cix":2,"bm":0,"ix":2,"mn":"ADBE Vector Group","hd":false}],"ip":0,"op":500.000020365417,"st":0,"bm":0},{"ddd":0,"ind":4,"ty":4,"nm":"Camera Outlines 2","parent":5,"td":1,"sr":1,"ks":{"o":{"a":0,"k":100,"ix":11},"r":{"a":0,"k":0,"ix":10},"p":{"a":0,"k":[675.489,930.056,0],"ix":2},"a":{"a":0,"k":[675.489,930.056,0],"ix":1},"s":{"a":0,"k":[100,100,100],"ix":6}},"ao":0,"shapes":[{"ty":"gr","it":[{"ind":0,"ty":"sh","ix":1,"ks":{"a":1,"k":[{"i":{"x":0.667,"y":1},"o":{"x":0.333,"y":0},"t":5,"s":[{"i":[[0,0],[0,0]],"o":[[0,0],[0,0]],"v":[[566.011,491.467],[785.011,491.467]],"c":false}]},{"i":{"x":0.667,"y":1},"o":{"x":0.333,"y":0},"t":11,"s":[{"i":[[0,0],[0,0]],"o":[[0,0],[0,0]],"v":[[566.011,491.467],[677.02,491.008]],"c":false}]},{"i":{"x":0.2,"y":1},"o":{"x":0.333,"y":0},"t":16,"s":[{"i":[[0,0],[0,0]],"o":[[0,0],[0,0]],"v":[[627.729,490.464],[785.011,491.467]],"c":false}]},{"t":22.0000008960784,"s":[{"i":[[0,0],[0,0]],"o":[[0,0],[0,0]],"v":[[566.011,491.467],[785.011,491.467]],"c":false}]}],"ix":2},"nm":"Path 1","mn":"ADBE Vector Shape - Group","hd":false},{"ty":"st","c":{"a":0,"k":[0.999999820485,0.999999760646,0.999999820485,1],"ix":3},"o":{"a":0,"k":100,"ix":4},"w":{"a":1,"k":[{"i":{"x":[0.667],"y":[1]},"o":{"x":[0.333],"y":[0]},"t":17,"s":[50]},{"i":{"x":[0.2],"y":[1]},"o":{"x":[0.333],"y":[0]},"t":19,"s":[121.3]},{"t":25.0000010182709,"s":[50]}],"ix":5},"lc":2,"lj":1,"ml":10,"bm":0,"nm":"Stroke 1","mn":"ADBE Vector Graphic - Stroke","hd":false},{"ty":"tr","p":{"a":0,"k":[0,0],"ix":2},"a":{"a":0,"k":[0,0],"ix":1},"s":{"a":0,"k":[100,100],"ix":3},"r":{"a":0,"k":0,"ix":6},"o":{"a":0,"k":100,"ix":7},"sk":{"a":0,"k":0,"ix":4},"sa":{"a":0,"k":0,"ix":5},"nm":"Transform"}],"nm":"Group 2","np":2,"cix":2,"bm":0,"ix":1,"mn":"ADBE Vector Group","hd":false},{"ty":"gr","it":[{"ind":0,"ty":"sh","ix":1,"ks":{"a":1,"k":[{"i":{"x":0.667,"y":1},"o":{"x":0.333,"y":0},"t":5,"s":[{"i":[[0,-69.303],[69.303,0],[0,69.304],[-69.304,0]],"o":[[0,69.304],[-69.304,0],[0,-69.303],[69.303,0]],"v":[[125.485,0],[0,125.485],[-125.485,0],[0,-125.485]],"c":true}]},{"i":{"x":0.667,"y":1},"o":{"x":0.333,"y":0},"t":11,"s":[{"i":[[0,-69.303],[69.303,0],[0,69.304],[-69.304,0]],"o":[[0,69.304],[-69.304,0],[0,-69.303],[69.303,0]],"v":[[32.612,-4.32],[-92.873,121.165],[-218.358,-4.32],[-92.873,-129.805]],"c":true}]},{"i":{"x":0.667,"y":1},"o":{"x":0.333,"y":0},"t":16,"s":[{"i":[[0,-69.303],[69.303,0],[0,69.304],[-69.304,0]],"o":[[0,69.304],[-69.304,0],[0,-69.303],[69.303,0]],"v":[[125.485,0],[0,125.485],[-125.485,0],[0,-125.485]],"c":true}]},{"i":{"x":0.667,"y":1},"o":{"x":0.333,"y":0},"t":19,"s":[{"i":[[0,-34.968],[51.75,0],[0,34.968],[-51.75,0]],"o":[[0,34.968],[-51.75,0],[0,-34.968],[51.75,0]],"v":[[93.702,0],[0,63.315],[-93.702,0],[0,-63.315]],"c":true}]},{"i":{"x":0.2,"y":1},"o":{"x":0.333,"y":0},"t":20.636,"s":[{"i":[[0,-51.75],[51.75,0],[0,51.75],[-51.75,0]],"o":[[0,51.75],[-51.75,0],[0,-51.75],[51.75,0]],"v":[[93.702,0],[0,93.702],[-93.702,0],[0,-93.702]],"c":true}]},{"t":25.0000010182709,"s":[{"i":[[0,-69.303],[69.303,0],[0,69.304],[-69.304,0]],"o":[[0,69.304],[-69.304,0],[0,-69.303],[69.303,0]],"v":[[125.485,0],[0,125.485],[-125.485,0],[0,-125.485]],"c":true}]}],"ix":2},"nm":"Path 1","mn":"ADBE Vector Shape - Group","hd":false},{"ty":"st","c":{"a":0,"k":[0.01568627450980392,0.8196078431372549,0.9372549019607843,1],"ix":3},"o":{"a":0,"k":100,"ix":4},"w":{"a":0,"k":34.632,"ix":5},"lc":1,"lj":1,"ml":10,"bm":0,"nm":"Stroke 2","mn":"ADBE Vector Graphic - Stroke","hd":false},{"ty":"st","c":{"a":0,"k":[0.999999820485,0.999999760646,0.999999820485,1],"ix":3},"o":{"a":0,"k":100,"ix":4},"w":{"a":0,"k":72.909,"ix":5},"lc":1,"lj":1,"ml":10,"bm":0,"nm":"Stroke 1","mn":"ADBE Vector Graphic - Stroke","hd":false},{"ty":"fl","c":{"a":0,"k":[0.999999820485,0.999999760646,0.999999820485,1],"ix":4},"o":{"a":0,"k":100,"ix":5},"r":1,"bm":0,"nm":"Fill 1","mn":"ADBE Vector Graphic - Fill","hd":false},{"ty":"tr","p":{"a":0,"k":[675.511,714.841],"ix":2},"a":{"a":0,"k":[0,0],"ix":1},"s":{"a":0,"k":[100,100],"ix":3},"r":{"a":0,"k":0,"ix":6},"o":{"a":0,"k":100,"ix":7},"sk":{"a":0,"k":0,"ix":4},"sa":{"a":0,"k":0,"ix":5},"nm":"Transform"}],"nm":"Group 3","np":4,"cix":2,"bm":0,"ix":2,"mn":"ADBE Vector Group","hd":false}],"ip":0,"op":500.000020365417,"st":0,"bm":0},{"ddd":0,"ind":5,"ty":4,"nm":"Camera Outlines","parent":1,"tt":2,"sr":1,"ks":{"o":{"a":0,"k":100,"ix":11},"r":{"a":1,"k":[{"i":{"x":[0.432],"y":[1]},"o":{"x":[0.453],"y":[0]},"t":5,"s":[0]},{"i":{"x":[0.612],"y":[0.85]},"o":{"x":[0.283],"y":[0]},"t":11,"s":[-5.8]},{"i":{"x":[0.609],"y":[1]},"o":{"x":[0.28],"y":[-0.597]},"t":18,"s":[1.517]},{"t":26.0000010590017,"s":[0]}],"ix":10},"p":{"a":1,"k":[{"i":{"x":0.2,"y":0.2},"o":{"x":0.333,"y":0.333},"t":5,"s":[675.489,930.056,0],"to":[0,0,0],"ti":[0,0,0]},{"t":25.0000010182709,"s":[675.489,930.056,0]}],"ix":2},"a":{"a":0,"k":[675.489,930.056,0],"ix":1},"s":{"a":1,"k":[{"i":{"x":[0.733,0.733,0.733],"y":[1,1,1]},"o":{"x":[0.495,0.495,0.495],"y":[0,0,0]},"t":5,"s":[100,100,100]},{"i":{"x":[0.476,0.476,0.476],"y":[1,1,1]},"o":{"x":[0.225,0.225,0.225],"y":[0,0,0]},"t":10,"s":[100,100,100]},{"i":{"x":[0.134,0.134,0.2],"y":[1,1,1]},"o":{"x":[0.628,0.628,0.8],"y":[0,0,0]},"t":16,"s":[116.6,116.6,100]},{"t":27.0000010997325,"s":[100,100,100]}],"ix":6}},"ao":0,"shapes":[{"ty":"gr","it":[{"ind":0,"ty":"sh","ix":1,"ks":{"a":1,"k":[{"i":{"x":0.667,"y":1},"o":{"x":0.333,"y":0},"t":5,"s":[{"i":[[0,-17.723],[17.723,0],[0,17.724],[-17.724,0]],"o":[[0,17.724],[-17.724,0],[0,-17.723],[17.723,0]],"v":[[32.092,-0.001],[0,32.091],[-32.092,-0.001],[0,-32.091]],"c":true}]},{"i":{"x":0.667,"y":1},"o":{"x":0.333,"y":0},"t":9,"s":[{"i":[[0,-17.723],[17.723,0],[0,17.724],[-17.724,0]],"o":[[0,17.724],[-17.724,0],[0,-17.723],[17.723,0]],"v":[[-27.61,-9.68],[-59.701,22.412],[-91.793,-9.68],[-59.701,-41.771]],"c":true}]},{"i":{"x":0.667,"y":1},"o":{"x":0.333,"y":0},"t":16,"s":[{"i":[[0,-17.723],[17.723,0],[0,17.724],[-17.724,0]],"o":[[0,17.724],[-17.724,0],[0,-17.723],[17.723,0]],"v":[[32.092,-0.001],[0,32.091],[-32.092,-0.001],[0,-32.091]],"c":true}]},{"i":{"x":0.667,"y":1},"o":{"x":0.333,"y":0},"t":19,"s":[{"i":[[0,-39.785],[39.786,0],[0,39.788],[-39.788,0]],"o":[[0,39.788],[-39.788,0],[0,-39.785],[39.786,0]],"v":[[104.402,32.481],[32.362,104.523],[-39.68,32.481],[32.362,-39.559]],"c":true}]},{"i":{"x":0.2,"y":1},"o":{"x":0.333,"y":0},"t":19.818,"s":[{"i":[[0,-39.785],[39.786,0],[0,39.788],[-39.788,0]],"o":[[0,39.788],[-39.788,0],[0,-39.785],[39.786,0]],"v":[[104.402,32.481],[32.362,104.523],[-39.68,32.481],[32.362,-39.559]],"c":true}]},{"t":25.0000010182709,"s":[{"i":[[0,-17.723],[17.723,0],[0,17.724],[-17.724,0]],"o":[[0,17.724],[-17.724,0],[0,-17.723],[17.723,0]],"v":[[32.092,-0.001],[0,32.091],[-32.092,-0.001],[0,-32.091]],"c":true}]}],"ix":2},"nm":"Path 1","mn":"ADBE Vector Shape - Group","hd":false},{"ty":"fl","c":{"a":0,"k":[0.01568627450980392,0.8196078431372549,0.9372549019607843,1],"ix":4},"o":{"a":0,"k":100,"ix":5},"r":1,"bm":0,"nm":"Fill 1","mn":"ADBE Vector Graphic - Fill","hd":false},{"ty":"tr","p":{"a":0,"k":[642.751,682.75],"ix":2},"a":{"a":0,"k":[0,0],"ix":1},"s":{"a":0,"k":[100,100],"ix":3},"r":{"a":0,"k":0,"ix":6},"o":{"a":0,"k":100,"ix":7},"sk":{"a":0,"k":0,"ix":4},"sa":{"a":0,"k":0,"ix":5},"nm":"Transform"}],"nm":"Group 1","np":2,"cix":2,"bm":0,"ix":1,"mn":"ADBE Vector Group","hd":false},{"ty":"gr","it":[{"ind":0,"ty":"sh","ix":1,"ks":{"a":1,"k":[{"i":{"x":0.667,"y":1},"o":{"x":0.333,"y":0},"t":5,"s":[{"i":[[0,-69.303],[69.303,0],[0,69.304],[-69.304,0]],"o":[[0,69.304],[-69.304,0],[0,-69.303],[69.303,0]],"v":[[125.485,0],[0,125.485],[-125.485,0],[0,-125.485]],"c":true}]},{"i":{"x":0.667,"y":1},"o":{"x":0.333,"y":0},"t":11,"s":[{"i":[[0,-69.303],[69.303,0],[0,69.304],[-69.304,0]],"o":[[0,69.304],[-69.304,0],[0,-69.303],[69.303,0]],"v":[[32.612,-4.32],[-92.873,121.165],[-218.358,-4.32],[-92.873,-129.805]],"c":true}]},{"i":{"x":0.667,"y":1},"o":{"x":0.333,"y":0},"t":16,"s":[{"i":[[0,-69.303],[69.303,0],[0,69.304],[-69.304,0]],"o":[[0,69.304],[-69.304,0],[0,-69.303],[69.303,0]],"v":[[125.485,0],[0,125.485],[-125.485,0],[0,-125.485]],"c":true}]},{"i":{"x":0.667,"y":1},"o":{"x":0.333,"y":0},"t":19,"s":[{"i":[[0,-34.968],[51.75,0],[0,34.968],[-51.75,0]],"o":[[0,34.968],[-51.75,0],[0,-34.968],[51.75,0]],"v":[[93.702,0],[0,63.315],[-93.702,0],[0,-63.315]],"c":true}]},{"i":{"x":0.2,"y":1},"o":{"x":0.333,"y":0},"t":20.636,"s":[{"i":[[0,-51.75],[51.75,0],[0,51.75],[-51.75,0]],"o":[[0,51.75],[-51.75,0],[0,-51.75],[51.75,0]],"v":[[93.702,0],[0,93.702],[-93.702,0],[0,-93.702]],"c":true}]},{"t":25.0000010182709,"s":[{"i":[[0,-69.303],[69.303,0],[0,69.304],[-69.304,0]],"o":[[0,69.304],[-69.304,0],[0,-69.303],[69.303,0]],"v":[[125.485,0],[0,125.485],[-125.485,0],[0,-125.485]],"c":true}]}],"ix":2},"nm":"Path 1","mn":"ADBE Vector Shape - Group","hd":false},{"ty":"st","c":{"a":0,"k":[0.01568627450980392,0.8196078431372549,0.9372549019607843,1],"ix":3},"o":{"a":0,"k":100,"ix":4},"w":{"a":0,"k":34.632,"ix":5},"lc":1,"lj":1,"ml":10,"bm":0,"nm":"Stroke 2","mn":"ADBE Vector Graphic - Stroke","hd":false},{"ty":"tr","p":{"a":0,"k":[675.511,714.841],"ix":2},"a":{"a":0,"k":[0,0],"ix":1},"s":{"a":0,"k":[100,100],"ix":3},"r":{"a":0,"k":0,"ix":6},"o":{"a":0,"k":100,"ix":7},"sk":{"a":0,"k":0,"ix":4},"sa":{"a":0,"k":0,"ix":5},"nm":"Transform"}],"nm":"Group 3","np":4,"cix":2,"bm":0,"ix":2,"mn":"ADBE Vector Group","hd":false},{"ty":"gr","it":[{"ind":0,"ty":"sh","ix":1,"ks":{"a":0,"k":{"i":[[0,-39.33],[0,0],[39.32,0],[0,0],[0,39.33],[0,0],[-39.32,0],[0,0],[0,0],[-39.33,0],[0,0],[0,-39.33],[0,0],[0,0]],"o":[[0,0],[0,39.33],[0,0],[-39.32,0],[0,0],[0,-39.33],[0,0],[0,0],[0,-39.33],[0,0],[39.33,0],[0,0],[0,0],[39.32,0]],"v":[[313.795,-106.505],[313.795,184.655],[242.595,255.865],[-242.595,255.865],[-313.795,184.655],[-313.795,-106.505],[-242.595,-177.715],[-203.775,-177.715],[-203.775,-184.655],[-132.565,-255.865],[132.615,-255.865],[203.825,-184.655],[203.825,-177.715],[242.595,-177.715]],"c":true},"ix":2},"nm":"Path 1","mn":"ADBE Vector Shape - Group","hd":false},{"ty":"st","c":{"a":0,"k":[0.01568627450980392,0.8196078431372549,0.9372549019607843,1],"ix":3},"o":{"a":0,"k":100,"ix":4},"w":{"a":0,"k":50,"ix":5},"lc":1,"lj":1,"ml":10,"bm":0,"nm":"Stroke 1","mn":"ADBE Vector Graphic - Stroke","hd":false},{"ty":"fl","c":{"a":0,"k":[0.01568627450980392,0.8196078431372549,0.9372549019607843,1],"ix":4},"o":{"a":0,"k":100,"ix":5},"r":1,"bm":0,"nm":"Fill 1","mn":"ADBE Vector Graphic - Fill","hd":false},{"ty":"tr","p":{"a":0,"k":[675.489,674.191],"ix":2},"a":{"a":0,"k":[0,0],"ix":1},"s":{"a":0,"k":[100,100],"ix":3},"r":{"a":0,"k":0,"ix":6},"o":{"a":0,"k":100,"ix":7},"sk":{"a":0,"k":0,"ix":4},"sa":{"a":0,"k":0,"ix":5},"nm":"Transform"}],"nm":"Group 4","np":3,"cix":2,"bm":0,"ix":3,"mn":"ADBE Vector Group","hd":false}],"ip":0,"op":500.000020365417,"st":0,"bm":0}],"markers":[{"tm":5.00000020365417,"cm":"","dr":0},{"tm":25.0000010182709,"cm":"","dr":0}]}