{"v":"5.6.5","fr":60,"ip":0,"op":90,"w":2000,"h":2000,"nm":"Unlimited storage","ddd":0,"assets":[{"id":"comp_0","layers":[{"ddd":0,"ind":1,"ty":4,"nm":"Layer 5 Outlines 2","td":1,"sr":1,"ks":{"o":{"a":0,"k":100,"ix":11},"r":{"a":0,"k":0,"ix":10},"p":{"a":0,"k":[1011.17,1121.081,0],"ix":2},"a":{"a":0,"k":[135.639,76.96,0],"ix":1},"s":{"a":0,"k":[100,100,100],"ix":6}},"ao":0,"shapes":[{"ty":"gr","it":[{"ind":0,"ty":"sh","ix":1,"ks":{"a":0,"k":{"i":[[0.85,-0.027],[10.121,-30.507],[8.083,-27.265],[-27.266,-8.083],[-4.955,0],[0,0],[0,22.161],[22.16,0.002],[2.981,-0.694],[41.21,0.001]],"o":[[-32.126,1.046],[-27.265,-8.084],[-8.083,27.266],[4.751,1.41],[0,0],[22.162,0],[0,-22.159],[-3.061,0.001],[-1.35,-41.492],[-0.844,0]],"v":[[7.012,-76.669],[-63.301,-24.154],[-127.306,10.579],[-92.572,74.585],[-77.936,76.71],[95.262,76.71],[135.389,36.583],[95.267,-3.542],[86.175,-2.495],[9.552,-76.71]],"c":true},"ix":2},"nm":"Path 1","mn":"ADBE Vector Shape - Group","hd":false},{"ind":1,"ty":"sh","ix":2,"ks":{"a":0,"k":{"i":[[0,0],[-0.001,0],[-0.001,0]],"o":[[0.002,0],[0.001,0],[0,0]],"v":[[95.262,-3.542],[95.267,-3.542],[95.27,-3.542]],"c":true},"ix":2},"nm":"Path 2","mn":"ADBE Vector Shape - Group","hd":false},{"ty":"mm","mm":1,"nm":"Merge Paths 1","mn":"ADBE Vector Filter - Merge","hd":false},{"ty":"fl","c":{"a":0,"k":[1,1,1,1],"ix":4},"o":{"a":0,"k":100,"ix":5},"r":1,"bm":0,"nm":"Fill 1","mn":"ADBE Vector Graphic - Fill","hd":false},{"ty":"tr","p":{"a":0,"k":[135.639,76.96],"ix":2},"a":{"a":0,"k":[0,0],"ix":1},"s":{"a":0,"k":[100,100],"ix":3},"r":{"a":0,"k":0,"ix":6},"o":{"a":0,"k":100,"ix":7},"sk":{"a":0,"k":0,"ix":4},"sa":{"a":0,"k":0,"ix":5},"nm":"Transform"}],"nm":"Group 1","np":4,"cix":2,"bm":0,"ix":1,"mn":"ADBE Vector Group","hd":false}],"ip":0,"op":239,"st":0,"bm":0},{"ddd":0,"ind":2,"ty":4,"nm":"Layer 7 Outlines","tt":1,"sr":1,"ks":{"o":{"a":0,"k":100,"ix":11},"r":{"a":0,"k":0,"ix":10},"p":{"a":1,"k":[{"i":{"x":0.38,"y":1},"o":{"x":0.62,"y":0},"t":0,"s":[1014.143,1292.924,0],"to":[0,-56.667,0],"ti":[0,56.667,0]},{"t":90,"s":[1014.143,952.924,0]}],"ix":2},"a":{"a":0,"k":[64.523,75.77,0],"ix":1},"s":{"a":0,"k":[50,50,100],"ix":6}},"ao":0,"shapes":[{"ty":"gr","it":[{"ind":0,"ty":"sh","ix":1,"ks":{"a":0,"k":{"i":[[0,0],[0,0],[6.597,-6.476],[0,0],[-6.561,-6.562],[-6.562,6.561],[0,0],[0,0],[-9.275,0.194],[-0.188,9.001],[0,0],[0,0],[-6.561,6.561],[6.562,6.56]],"o":[[0,0],[-6.597,-6.476],[0,0],[-6.561,6.562],[6.562,6.561],[0,0],[0,0],[0.193,9.274],[9.001,-0.188],[0,0],[0,0],[6.561,6.561],[6.562,-6.561],[0,0]],"v":[[57.712,-23.216],[11.884,-69.043],[-11.878,-69.043],[-57.712,-23.216],[-57.712,0.546],[-33.951,0.546],[-16.791,-16.613],[-16.791,58.885],[0.351,75.326],[16.791,58.885],[16.791,-16.608],[33.952,0.552],[57.712,0.552],[57.712,-23.207]],"c":true},"ix":2},"nm":"Path 1","mn":"ADBE Vector Shape - Group","hd":false},{"ty":"fl","c":{"a":0,"k":[0.063000002094,0.545000023935,0.528999956916,1],"ix":4},"o":{"a":0,"k":100,"ix":5},"r":1,"bm":0,"nm":"Fill 1","mn":"ADBE Vector Graphic - Fill","hd":false},{"ty":"tr","p":{"a":0,"k":[64.523,75.77],"ix":2},"a":{"a":0,"k":[0,0],"ix":1},"s":{"a":0,"k":[100,100],"ix":3},"r":{"a":0,"k":0,"ix":6},"o":{"a":0,"k":100,"ix":7},"sk":{"a":0,"k":0,"ix":4},"sa":{"a":0,"k":0,"ix":5},"nm":"Transform"}],"nm":"Group 1","np":2,"cix":2,"bm":0,"ix":1,"mn":"ADBE Vector Group","hd":false}],"ip":-3,"op":236,"st":-3,"bm":0},{"ddd":0,"ind":3,"ty":4,"nm":"Layer 5 Outlines","sr":1,"ks":{"o":{"a":0,"k":100,"ix":11},"r":{"a":0,"k":0,"ix":10},"p":{"a":0,"k":[1011.17,1121.081,0],"ix":2},"a":{"a":0,"k":[135.639,76.96,0],"ix":1},"s":{"a":0,"k":[100,100,100],"ix":6}},"ao":0,"shapes":[{"ty":"gr","it":[{"ind":0,"ty":"sh","ix":1,"ks":{"a":0,"k":{"i":[[0.85,-0.027],[10.121,-30.507],[8.083,-27.265],[-27.266,-8.083],[-4.955,0],[0,0],[0,22.161],[22.16,0.002],[2.981,-0.694],[41.21,0.001]],"o":[[-32.126,1.046],[-27.265,-8.084],[-8.083,27.266],[4.751,1.41],[0,0],[22.162,0],[0,-22.159],[-3.061,0.001],[-1.35,-41.492],[-0.844,0]],"v":[[7.012,-76.669],[-63.301,-24.154],[-127.306,10.579],[-92.572,74.585],[-77.936,76.71],[95.262,76.71],[135.389,36.583],[95.267,-3.542],[86.175,-2.495],[9.552,-76.71]],"c":true},"ix":2},"nm":"Path 1","mn":"ADBE Vector Shape - Group","hd":false},{"ind":1,"ty":"sh","ix":2,"ks":{"a":0,"k":{"i":[[0,0],[-0.001,0],[-0.001,0]],"o":[[0.002,0],[0.001,0],[0,0]],"v":[[95.262,-3.542],[95.267,-3.542],[95.27,-3.542]],"c":true},"ix":2},"nm":"Path 2","mn":"ADBE Vector Shape - Group","hd":false},{"ty":"mm","mm":1,"nm":"Merge Paths 1","mn":"ADBE Vector Filter - Merge","hd":false},{"ty":"fl","c":{"a":0,"k":[0.9803921568627451,0.16470588235294117,0.23921568627450981,1],"ix":4},"o":{"a":0,"k":100,"ix":5},"r":1,"bm":0,"nm":"Fill 1","mn":"ADBE Vector Graphic - Fill","hd":false},{"ty":"tr","p":{"a":0,"k":[135.639,76.96],"ix":2},"a":{"a":0,"k":[0,0],"ix":1},"s":{"a":0,"k":[100,100],"ix":3},"r":{"a":0,"k":0,"ix":6},"o":{"a":0,"k":100,"ix":7},"sk":{"a":0,"k":0,"ix":4},"sa":{"a":0,"k":0,"ix":5},"nm":"Transform"}],"nm":"Group 1","np":4,"cix":2,"bm":0,"ix":1,"mn":"ADBE Vector Group","hd":false}],"ip":0,"op":239,"st":0,"bm":0},{"ddd":0,"ind":4,"ty":4,"nm":"Layer 3 Outlines","sr":1,"ks":{"o":{"a":0,"k":100,"ix":11},"r":{"a":0,"k":0,"ix":10},"p":{"a":0,"k":[999.567,1127.305,0],"ix":2},"a":{"a":0,"k":[307.959,164.72,0],"ix":1},"s":{"a":0,"k":[100,100,100],"ix":6}},"ao":0,"shapes":[{"ty":"gr","it":[{"ind":0,"ty":"sh","ix":1,"ks":{"a":0,"k":{"i":[[7.504,0.004],[0,0],[0.003,9.166],[-0.384,1.418],[0,0],[-7.499,-0.002],[0,0],[0,-10.492],[0,0]],"o":[[0,0],[-9.165,0.004],[-0.001,-1.469],[0,0],[1.956,-7.24],[0,0],[10.93,0],[0,0],[-1.954,7.246]],"v":[[183.813,164.466],[-291.106,164.466],[-307.708,147.877],[-307.13,143.527],[-199.265,-152.201],[-183.241,-164.468],[291.686,-164.468],[307.709,-143.536],[199.844,152.192]],"c":true},"ix":2},"nm":"Path 1","mn":"ADBE Vector Shape - Group","hd":false},{"ty":"fl","c":{"a":0,"k":[0.01568627450980392,0.8196078431372549,0.9372549019607843,1],"ix":4},"o":{"a":0,"k":100,"ix":5},"r":1,"bm":0,"nm":"Fill 1","mn":"ADBE Vector Graphic - Fill","hd":false},{"ty":"tr","p":{"a":0,"k":[307.959,164.72],"ix":2},"a":{"a":0,"k":[0,0],"ix":1},"s":{"a":0,"k":[100,100],"ix":3},"r":{"a":0,"k":0,"ix":6},"o":{"a":0,"k":100,"ix":7},"sk":{"a":0,"k":0,"ix":4},"sa":{"a":0,"k":0,"ix":5},"nm":"Transform"}],"nm":"Group 1","np":2,"cix":2,"bm":0,"ix":1,"mn":"ADBE Vector Group","hd":false}],"ip":0,"op":239,"st":0,"bm":0},{"ddd":0,"ind":5,"ty":4,"nm":"Layer 2 Outlines 3","sr":1,"ks":{"o":{"a":1,"k":[{"i":{"x":[0.38],"y":[1]},"o":{"x":[0.62],"y":[0]},"t":0,"s":[0]},{"t":29,"s":[100]}],"ix":11},"r":{"a":0,"k":0,"ix":10},"p":{"a":1,"k":[{"i":{"x":0.38,"y":1},"o":{"x":0.62,"y":0},"t":0,"s":[757.039,1155.164,0],"to":[8,-4,0],"ti":[-8,4,0]},{"t":29,"s":[805.039,1131.164,0]}],"ix":2},"a":{"a":0,"k":[0.25,423.831,0],"ix":1},"s":{"a":0,"k":[100,100,100],"ix":6}},"ao":0,"shapes":[{"ty":"gr","it":[{"ind":0,"ty":"sh","ix":1,"ks":{"a":0,"k":{"i":[[-16.108,0],[0,-16.108],[16.107,0],[0,16.108]],"o":[[16.107,0],[0,16.108],[-16.108,0],[0,-16.108]],"v":[[0,-29.166],[29.166,0],[0,29.166],[-29.166,0]],"c":true},"ix":2},"nm":"Path 1","mn":"ADBE Vector Shape - Group","hd":false},{"ty":"fl","c":{"a":0,"k":[0.063000002094,0.545000023935,0.528999956916,1],"ix":4},"o":{"a":0,"k":100,"ix":5},"r":1,"bm":0,"nm":"Fill 1","mn":"ADBE Vector Graphic - Fill","hd":false},{"ty":"tr","p":{"a":0,"k":[254.204,155.462],"ix":2},"a":{"a":0,"k":[0,0],"ix":1},"s":{"a":0,"k":[100,100],"ix":3},"r":{"a":0,"k":0,"ix":6},"o":{"a":0,"k":100,"ix":7},"sk":{"a":0,"k":0,"ix":4},"sa":{"a":0,"k":0,"ix":5},"nm":"Transform"}],"nm":"Group 1","np":2,"cix":2,"bm":0,"ix":1,"mn":"ADBE Vector Group","hd":false},{"ty":"gr","it":[{"ind":0,"ty":"sh","ix":1,"ks":{"a":0,"k":{"i":[[0,0],[0,0],[0,0],[0,0],[0,0],[0,0],[-12.453,-0.013],[0,0],[0,0],[0,0],[0,0],[0,0]],"o":[[0,0],[0,0],[0,0],[0,0],[0,0],[0.013,12.453],[0,0],[0,0],[0,0],[0,0],[0,0],[0,0]],"v":[[147.456,1.747],[97.559,-47.15],[43.127,7.282],[-47.558,-83.407],[-147.456,16.491],[-147.456,60.849],[-124.898,83.407],[-32.997,83.407],[-32.953,83.407],[119.248,83.407],[118.409,82.568],[147.456,82.407]],"c":true},"ix":2},"nm":"Path 1","mn":"ADBE Vector Shape - Group","hd":false},{"ty":"fl","c":{"a":0,"k":[1,0.773000021542,0.681999954523,1],"ix":4},"o":{"a":0,"k":100,"ix":5},"r":1,"bm":0,"nm":"Fill 1","mn":"ADBE Vector Graphic - Fill","hd":false},{"ty":"tr","p":{"a":0,"k":[211.865,267.229],"ix":2},"a":{"a":0,"k":[0,0],"ix":1},"s":{"a":0,"k":[100,100],"ix":3},"r":{"a":0,"k":0,"ix":6},"o":{"a":0,"k":100,"ix":7},"sk":{"a":0,"k":0,"ix":4},"sa":{"a":0,"k":0,"ix":5},"nm":"Transform"}],"nm":"Group 2","np":2,"cix":2,"bm":0,"ix":2,"mn":"ADBE Vector Group","hd":false},{"ty":"gr","it":[{"ind":0,"ty":"sh","ix":1,"ks":{"a":0,"k":{"i":[[0,0],[0.016,12.452],[0,0],[0,0],[0,0]],"o":[[-12.452,-0.017],[0,0],[0,0],[0,0],[0,0]],"v":[[-124.913,147.459],[-147.471,124.902],[-147.471,-147.459],[147.471,-147.459],[147.471,147.459]],"c":true},"ix":2},"nm":"Path 1","mn":"ADBE Vector Shape - Group","hd":false},{"ty":"fl","c":{"a":0,"k":[1,0.944999964097,0.898000021542,1],"ix":4},"o":{"a":0,"k":100,"ix":5},"r":1,"bm":0,"nm":"Fill 1","mn":"ADBE Vector Graphic - Fill","hd":false},{"ty":"tr","p":{"a":0,"k":[211.873,201.027],"ix":2},"a":{"a":0,"k":[0,0],"ix":1},"s":{"a":0,"k":[100,100],"ix":3},"r":{"a":0,"k":0,"ix":6},"o":{"a":0,"k":100,"ix":7},"sk":{"a":0,"k":0,"ix":4},"sa":{"a":0,"k":0,"ix":5},"nm":"Transform"}],"nm":"Group 3","np":2,"cix":2,"bm":0,"ix":3,"mn":"ADBE Vector Group","hd":false},{"ty":"gr","it":[{"ind":0,"ty":"sh","ix":1,"ks":{"a":0,"k":{"i":[[0,-18.791],[0,0],[18.791,-0.004],[0,0],[0,18.794],[0,0],[-18.794,0],[0,0]],"o":[[0,0],[0,18.791],[0,0],[-18.794,0],[0,0],[0,-18.794],[0,0],[18.791,0.004]],"v":[[211.788,-177.762],[211.788,177.762],[177.765,211.79],[-177.757,211.79],[-211.787,177.762],[-211.787,-177.762],[-177.757,-211.79],[177.765,-211.79]],"c":true},"ix":2},"nm":"Path 1","mn":"ADBE Vector Shape - Group","hd":false},{"ty":"fl","c":{"a":0,"k":[1,0.773000021542,0.681999954523,1],"ix":4},"o":{"a":0,"k":100,"ix":5},"r":1,"bm":0,"nm":"Fill 1","mn":"ADBE Vector Graphic - Fill","hd":false},{"ty":"tr","p":{"a":0,"k":[212.038,212.041],"ix":2},"a":{"a":0,"k":[0,0],"ix":1},"s":{"a":0,"k":[100,100],"ix":3},"r":{"a":0,"k":0,"ix":6},"o":{"a":0,"k":100,"ix":7},"sk":{"a":0,"k":0,"ix":4},"sa":{"a":0,"k":0,"ix":5},"nm":"Transform"}],"nm":"Group 4","np":2,"cix":2,"bm":0,"ix":4,"mn":"ADBE Vector Group","hd":false}],"ip":-62,"op":30,"st":-62,"bm":0},{"ddd":0,"ind":6,"ty":4,"nm":"Layer 2 Outlines","sr":1,"ks":{"o":{"a":1,"k":[{"i":{"x":[0.38],"y":[1]},"o":{"x":[0.62],"y":[0]},"t":73,"s":[100]},{"t":90,"s":[0]}],"ix":11},"r":{"a":1,"k":[{"i":{"x":[0.38],"y":[1]},"o":{"x":[0.62],"y":[0]},"t":30,"s":[0]},{"t":90,"s":[31]}],"ix":10},"p":{"a":1,"k":[{"i":{"x":0.38,"y":1},"o":{"x":0.62,"y":0},"t":30,"s":[1228.614,1131.164,0],"to":[-156,-104,0],"ti":[-200,212,0]},{"t":90,"s":[1228.614,651.164,0]}],"ix":2},"a":{"a":0,"k":[423.825,423.831,0],"ix":1},"s":{"a":1,"k":[{"i":{"x":[0.38,0.38,0.38],"y":[1,1,1]},"o":{"x":[0.62,0.62,0.62],"y":[0,0,0]},"t":30,"s":[100,100,100]},{"t":90,"s":[40,40,100]}],"ix":6}},"ao":0,"shapes":[{"ty":"gr","it":[{"ind":0,"ty":"sh","ix":1,"ks":{"a":0,"k":{"i":[[-16.108,0],[0,-16.108],[16.107,0],[0,16.108]],"o":[[16.107,0],[0,16.108],[-16.108,0],[0,-16.108]],"v":[[0,-29.166],[29.166,0],[0,29.166],[-29.166,0]],"c":true},"ix":2},"nm":"Path 1","mn":"ADBE Vector Shape - Group","hd":false},{"ty":"fl","c":{"a":0,"k":[0.06274509803921569,0.5411764705882353,0.5254901960784314,1],"ix":4},"o":{"a":0,"k":100,"ix":5},"r":1,"bm":0,"nm":"Fill 1","mn":"ADBE Vector Graphic - Fill","hd":false},{"ty":"tr","p":{"a":0,"k":[254.204,155.462],"ix":2},"a":{"a":0,"k":[0,0],"ix":1},"s":{"a":0,"k":[100,100],"ix":3},"r":{"a":0,"k":0,"ix":6},"o":{"a":0,"k":100,"ix":7},"sk":{"a":0,"k":0,"ix":4},"sa":{"a":0,"k":0,"ix":5},"nm":"Transform"}],"nm":"Group 1","np":2,"cix":2,"bm":0,"ix":1,"mn":"ADBE Vector Group","hd":false},{"ty":"gr","it":[{"ind":0,"ty":"sh","ix":1,"ks":{"a":0,"k":{"i":[[0,0],[0,0],[0,0],[0,0],[0,0],[0,0],[-12.453,-0.013],[0,0],[0,0],[0,0],[0,0],[0,0]],"o":[[0,0],[0,0],[0,0],[0,0],[0,0],[0.013,12.453],[0,0],[0,0],[0,0],[0,0],[0,0],[0,0]],"v":[[147.456,1.747],[97.559,-47.15],[43.127,7.282],[-47.558,-83.407],[-147.456,16.491],[-147.456,60.849],[-124.898,83.407],[-32.997,83.407],[-32.953,83.407],[119.248,83.407],[118.409,82.568],[147.456,82.407]],"c":true},"ix":2},"nm":"Path 1","mn":"ADBE Vector Shape - Group","hd":false},{"ty":"fl","c":{"a":0,"k":[1,0.773000021542,0.681999954523,1],"ix":4},"o":{"a":0,"k":100,"ix":5},"r":1,"bm":0,"nm":"Fill 1","mn":"ADBE Vector Graphic - Fill","hd":false},{"ty":"tr","p":{"a":0,"k":[211.865,267.229],"ix":2},"a":{"a":0,"k":[0,0],"ix":1},"s":{"a":0,"k":[100,100],"ix":3},"r":{"a":0,"k":0,"ix":6},"o":{"a":0,"k":100,"ix":7},"sk":{"a":0,"k":0,"ix":4},"sa":{"a":0,"k":0,"ix":5},"nm":"Transform"}],"nm":"Group 2","np":2,"cix":2,"bm":0,"ix":2,"mn":"ADBE Vector Group","hd":false},{"ty":"gr","it":[{"ind":0,"ty":"sh","ix":1,"ks":{"a":0,"k":{"i":[[0,0],[0.016,12.452],[0,0],[0,0],[0,0]],"o":[[-12.452,-0.017],[0,0],[0,0],[0,0],[0,0]],"v":[[-124.913,147.459],[-147.471,124.902],[-147.471,-147.459],[147.471,-147.459],[147.471,147.459]],"c":true},"ix":2},"nm":"Path 1","mn":"ADBE Vector Shape - Group","hd":false},{"ty":"fl","c":{"a":0,"k":[1,0.944999964097,0.898000021542,1],"ix":4},"o":{"a":0,"k":100,"ix":5},"r":1,"bm":0,"nm":"Fill 1","mn":"ADBE Vector Graphic - Fill","hd":false},{"ty":"tr","p":{"a":0,"k":[211.873,201.027],"ix":2},"a":{"a":0,"k":[0,0],"ix":1},"s":{"a":0,"k":[100,100],"ix":3},"r":{"a":0,"k":0,"ix":6},"o":{"a":0,"k":100,"ix":7},"sk":{"a":0,"k":0,"ix":4},"sa":{"a":0,"k":0,"ix":5},"nm":"Transform"}],"nm":"Group 3","np":2,"cix":2,"bm":0,"ix":3,"mn":"ADBE Vector Group","hd":false},{"ty":"gr","it":[{"ind":0,"ty":"sh","ix":1,"ks":{"a":0,"k":{"i":[[0,-18.791],[0,0],[18.791,-0.004],[0,0],[0,18.794],[0,0],[-18.794,0],[0,0]],"o":[[0,0],[0,18.791],[0,0],[-18.794,0],[0,0],[0,-18.794],[0,0],[18.791,0.004]],"v":[[211.788,-177.762],[211.788,177.762],[177.765,211.79],[-177.757,211.79],[-211.787,177.762],[-211.787,-177.762],[-177.757,-211.79],[177.765,-211.79]],"c":true},"ix":2},"nm":"Path 1","mn":"ADBE Vector Shape - Group","hd":false},{"ty":"fl","c":{"a":0,"k":[1,0.773000021542,0.681999954523,1],"ix":4},"o":{"a":0,"k":100,"ix":5},"r":1,"bm":0,"nm":"Fill 1","mn":"ADBE Vector Graphic - Fill","hd":false},{"ty":"tr","p":{"a":0,"k":[212.038,212.041],"ix":2},"a":{"a":0,"k":[0,0],"ix":1},"s":{"a":0,"k":[100,100],"ix":3},"r":{"a":0,"k":0,"ix":6},"o":{"a":0,"k":100,"ix":7},"sk":{"a":0,"k":0,"ix":4},"sa":{"a":0,"k":0,"ix":5},"nm":"Transform"}],"nm":"Group 4","np":2,"cix":2,"bm":0,"ix":4,"mn":"ADBE Vector Group","hd":false}],"ip":30,"op":269,"st":30,"bm":0},{"ddd":0,"ind":7,"ty":4,"nm":"Layer 6 Outlines","sr":1,"ks":{"o":{"a":0,"k":100,"ix":11},"r":{"a":0,"k":0,"ix":10},"p":{"a":0,"k":[970.405,939.559,0],"ix":2},"a":{"a":0,"k":[212.038,212.038,0],"ix":1},"s":{"a":0,"k":[100,100,100],"ix":6}},"ao":0,"shapes":[{"ty":"gr","it":[{"ind":0,"ty":"sh","ix":1,"ks":{"a":0,"k":{"i":[[23.674,0],[0,0],[0,-23.675],[0,0],[-23.674,0],[0,0],[0,0],[0,23.674],[0,0]],"o":[[0,0],[-23.675,0],[0,0],[0,23.674],[0,0],[0,0],[23.674,0],[0,0],[0,-23.675]],"v":[[168.922,-211.788],[-168.921,-211.788],[-211.787,-168.921],[-211.787,168.922],[-168.923,211.788],[-168.921,211.788],[168.922,211.788],[211.787,168.922],[211.787,-168.921]],"c":true},"ix":2},"nm":"Path 1","mn":"ADBE Vector Shape - Group","hd":false},{"ty":"fl","c":{"a":0,"k":[0.991999966491,0.651000019148,0.517999985639,1],"ix":4},"o":{"a":0,"k":100,"ix":5},"r":1,"bm":0,"nm":"Fill 1","mn":"ADBE Vector Graphic - Fill","hd":false},{"ty":"tr","p":{"a":0,"k":[212.037,212.038],"ix":2},"a":{"a":0,"k":[0,0],"ix":1},"s":{"a":0,"k":[100,100],"ix":3},"r":{"a":0,"k":0,"ix":6},"o":{"a":0,"k":100,"ix":7},"sk":{"a":0,"k":0,"ix":4},"sa":{"a":0,"k":0,"ix":5},"nm":"Transform"}],"nm":"Group 1","np":2,"cix":2,"bm":0,"ix":1,"mn":"ADBE Vector Group","hd":false}],"ip":0,"op":239,"st":0,"bm":0},{"ddd":0,"ind":8,"ty":4,"nm":"Layer 4 Outlines","sr":1,"ks":{"o":{"a":0,"k":100,"ix":11},"r":{"a":0,"k":0,"ix":10},"p":{"a":0,"k":[967.732,1038.306,0],"ix":2},"a":{"a":0,"k":[276.132,236.176,0],"ix":1},"s":{"a":0,"k":[100,100,100],"ix":6}},"ao":0,"shapes":[{"ty":"gr","it":[{"ind":0,"ty":"sh","ix":1,"ks":{"a":0,"k":{"i":[[0,0],[0,0],[0,0],[0,0],[0,-10.149],[0,0],[-0.691,-0.038],[0,0],[-7.501,-0.007],[0,0],[0,0],[10.149,0]],"o":[[0,0],[0,0],[0,0],[-10.15,0],[0,0],[0.743,0],[0,0],[1.952,-7.242],[0,0],[0,0],[0,-10.149],[0,0]],"v":[[257.497,-161.676],[-10.618,-161.676],[-63.67,-235.926],[-257.503,-235.926],[-275.881,-217.551],[-275.881,235.821],[-273.706,235.926],[-167.437,-53.893],[-151.413,-66.158],[275.881,-66.158],[275.881,-143.299],[257.503,-161.676]],"c":true},"ix":2},"nm":"Path 1","mn":"ADBE Vector Shape - Group","hd":false},{"ty":"fl","c":{"a":0,"k":[0.01568627450980392,0.8196078431372549,0.9372549019607843,1],"ix":4},"o":{"a":0,"k":100,"ix":5},"r":1,"bm":0,"nm":"Fill 1","mn":"ADBE Vector Graphic - Fill","hd":false},{"ty":"tr","p":{"a":0,"k":[276.131,236.177],"ix":2},"a":{"a":0,"k":[0,0],"ix":1},"s":{"a":0,"k":[100,100],"ix":3},"r":{"a":0,"k":0,"ix":6},"o":{"a":0,"k":100,"ix":7},"sk":{"a":0,"k":0,"ix":4},"sa":{"a":0,"k":0,"ix":5},"nm":"Transform"}],"nm":"Group 1","np":2,"cix":2,"bm":0,"ix":1,"mn":"ADBE Vector Group","hd":false}],"ip":0,"op":239,"st":0,"bm":0}]}],"layers":[{"ddd":0,"ind":1,"ty":0,"nm":"Pre-comp 3","refId":"comp_0","sr":1,"ks":{"o":{"a":0,"k":100,"ix":11},"r":{"a":0,"k":0,"ix":10},"p":{"a":0,"k":[1004,1256,0],"ix":2},"a":{"a":0,"k":[1000,1000,0],"ix":1},"s":{"a":0,"k":[202,202,100],"ix":6}},"ao":0,"w":2000,"h":2000,"ip":0,"op":240,"st":0,"bm":0}],"markers":[]}